name,重み
Communication Strategies 1,1
Communication Strategies 2,1
Academic Lecture Comprehension 1,1
Academic Lecture Comprehension 2,1
Academic Reading 1,1
Academic Reading 2,1
Concept Building And Discussion 1,1
Concept Building And Discussion 2,1
数学Ａ１（線形代数）　総合機械(1),1
数学Ｂ２（微分積分）　総合機械(1),1
基礎物理学Ａ　総合機械(1),1
基礎物理学Ｂ　総合機械(1),1
理工学基礎実験１Ａ,1
理工学基礎実験１Ｂ,1
理工学基礎実験２Ａ,2
Cプログラミング入門　総合機械,1
創造理工リテラシー,1
ビジュアルシンキング,1
エンジニアリングメカニクス,2
デザインエンジニアリング,1
メカトロニクスラボＦ,1
プロジェクト・ベースド・ラーニングＦ,1
フルードダイナミクスF,2
マテリアルメカニクス,2
マシニングラボ,1
コントロールエンジニアリング,2
マテリアルズエンジニアリング,1
エンジニアリング・サーモダイナミクス,2
アドバンストマテリアルメカニクス,1
プロジェクト・ベースド・ラーニングＡ,1
メカニカルドローイング・デザインＦ,2
